<application>
  <component name="HiLogCustomizationFormat">
    <customOptionsMap>
      <map>
        <entry key="customCompact">
          <value>
            <CustomFormatOption>
              <option name="customDomainTag">
                <HiLogCustomDomainTag>
                  <option name="width" value="30" />
                </HiLogCustomDomainTag>
              </option>
              <option name="customPackage">
                <HiLogCustomPackage>
                  <option name="width" value="20" />
                </HiLogCustomPackage>
              </option>
              <option name="customProcessThread">
                <HiLogCustomProcessThread>
                  <option name="width" value="6" />
                </HiLogCustomProcessThread>
              </option>
              <option name="customTimestamp">
                <HiLogCustomTimestamp>
                  <option name="timeType" value="Time" />
                </HiLogCustomTimestamp>
              </option>
            </CustomFormatOption>
          </value>
        </entry>
        <entry key="customStandard">
          <value>
            <CustomFormatOption>
              <option name="customDomainTag">
                <HiLogCustomDomainTag>
                  <option name="display" value="true" />
                  <option name="width" value="30" />
                </HiLogCustomDomainTag>
              </option>
              <option name="customPackage">
                <HiLogCustomPackage>
                  <option name="display" value="true" />
                  <option name="width" value="20" />
                </HiLogCustomPackage>
              </option>
              <option name="customProcessThread">
                <HiLogCustomProcessThread>
                  <option name="display" value="true" />
                  <option name="threadDisplay" value="true" />
                  <option name="width" value="12" />
                </HiLogCustomProcessThread>
              </option>
              <option name="customTimestamp">
                <HiLogCustomTimestamp>
                  <option name="display" value="true" />
                  <option name="timeType" value="Datetime" />
                </HiLogCustomTimestamp>
              </option>
              <option name="default" value="true" />
            </CustomFormatOption>
          </value>
        </entry>
      </map>
    </customOptionsMap>
  </component>
</application>