<application>
  <component name="ProjectManager">
    <defaultProject>
      <component name="MarkdownSettingsMigration">
        <option name="stateVersion" value="1" />
      </component>
      <component name="ProjectViewState">
        <option name="autoscrollFromSource" value="true" />
        <option name="hideEmptyMiddlePackages" value="true" />
        <option name="showLibraryContents" value="true" />
      </component>
      <component name="PropertiesComponent">{
  &quot;keyToString&quot;: {
    &quot;settings.editor.selected.configurable&quot;: &quot;preferences.pluginManager&quot;
  }
}</component>
      <component name="WindowStateProjectService">
        <state x="789" y="220" key="SettingsEditor" timestamp="1729665822590">
          <screen x="0" y="25" width="2560" height="1330" />
        </state>
        <state x="789" y="220" key="SettingsEditor/0.25.2560.1330" timestamp="1729665822590" />
      </component>
    </defaultProject>
  </component>
</application>