<keymap version="1" name="MOON__macOS" parent="Mac OS X 10.5+">
  <action id="ActivateBookmarksToolWindow" />
  <action id="ActivateCommitToolWindow" />
  <action id="ActivateDebugToolWindow" />
  <action id="ActivateFindToolWindow" />
  <action id="ActivateLogToolWindow">
    <keyboard-shortcut first-keystroke="meta 3" />
  </action>
  <action id="ActivateProblemsViewToolWindow" />
  <action id="ActivateProjectToolWindow" />
  <action id="ActivateRunToolWindow" />
  <action id="ActivateServicesToolWindow" />
  <action id="ActivateStructureToolWindow" />
  <action id="ActivateVersionControlToolWindow" />
  <action id="Back">
    <keyboard-shortcut first-keystroke="meta open_bracket" />
    <mouse-shortcut keystroke="button4" />
    <keyboard-shortcut first-keystroke="ctrl meta left" />
  </action>
  <action id="Diff.ApplyLeftSide" />
  <action id="Diff.ApplyRightSide" />
  <action id="Documentation.Back">
    <keyboard-shortcut first-keystroke="meta open_bracket" />
    <mouse-shortcut keystroke="button4" />
  </action>
  <action id="FileChooser.GoBackward">
    <keyboard-shortcut first-keystroke="meta open_bracket" />
    <mouse-shortcut keystroke="button4" />
  </action>
  <action id="Forward">
    <keyboard-shortcut first-keystroke="meta close_bracket" />
    <mouse-shortcut keystroke="button5" />
    <keyboard-shortcut first-keystroke="ctrl meta right" />
  </action>
  <action id="ReformatCode">
    <keyboard-shortcut first-keystroke="ctrl meta l" />
  </action>
</keymap>